Workbook

Sheet Model SOV
A1: Uniq ID | B1: Location Number | C1: Address 1 | D1: Address 2 | E1: City | F1: State | G1: Zip Code (5 digit) | H1: Zip Code (4 digit) | I1: Latitude | J1: Longitude | K1: Real Property Value | L1: Personal Property (BPP) Value | M1: Business Income Limit | N1: Year Built | O1: Number of Stories | P1: Square Feet | Q1: # of Buildings | R1: Construction Class | S1: NAIC Code | T1: Occupancy Description | U1: Insured's Interest | V1: Inspection Contact | W1: Inspection Phone | X1: Cladding Type | Y1: Roof Equipment | Z1: Roof Geometry | AA1: Roof System Covering | AB1: Roof Anchor | AC1: Roof Coverage | AD1: Roof Year Built | AE1: Opening Protection | AF1: Building Year Upgrade | AG1: Soft Story | AH1: Building Shape | AI1: Vertical Irregularity | AJ1: Wall Type | AK1: Earthquake Retrofit | AL1: Security | AM1: Fire Protection | AN1: Protection Class | AO1: % Occupancy | AP1: Avg Monthly Rental Value | AQ1: Base Flood Elevation | AR1: Custom Elevation | AS1: Custom Flood Zone | AT1: Defensible Space | AU1: Roof Hail Impact Resistance | AV1: Glass Percentage | AW1: Cat Premium | AX1: AOP Premium | AY1: Total Premium
A2: A | B2: 1 | C2: 718 San Pablo Ave. | E2: ALAMEDA | F2: CA | G2: 94706 | K2: 3570000 | L2: 180000 | M2: 500000 | N2: 20455 | O2: 2 | P2: 17610 | Q2: 1 | R2: Non-Combustible | T2: Unknown | U2: Lessor | V2: ASC | W2: 800-867-5309 | X2: Unknown | Y2: Present | Z2: Flat | AA2: Metal | AB2: Unknown | AC2: RC | AD2: 43831 | AE2: Unknown | AF2: 43831 | AG2: No | AH2: Regular | AI2: No | AJ2: Unknown | AK2: Unknown | AN2: 4 | AS2: X | AT2: 100 feet | AU2: Class B | AV2: <5% | AW2: =SUM((('[1]Policy Test Cases'!$H$83+'[1]Policy Test Cases'!$H$84+'[1]Policy Test Cases'!$H$85+'[1]Policy Test Cases'!$H$86+'[1]Policy Test Cases'!$H$87+'[1]Policy Test Cases'!$H$89)/'[1]Policy Test Cases'!$H$55)*('[1]SOV 4'!K2+'[1]SOV 4'!L2+'[1]SOV 4'!M2)) -> 7529.5665 | AX2: =(('[1]Policy Test Cases'!$H$88/'[1]Policy Test Cases'!$H$55)*('[1]SOV 4'!K2+'[1]SOV 4'!L2+'[1]SOV 4'!M2)) -> 10120.939 | AY2: =SUM(AW2:AX2) -> 17650.505
A3: B | B3: 2 | C3: 929 San Pablo Ave. | E3: ALAMEDA | F3: CA | G3: 94706 | K3: 1640000 | L3: 480000 | M3: 0 | N3: 14611 | O3: 1 | P3: 15000 | Q3: 1 | R3: Non-Combustible | T3: Unknown | U3: Lessor | V3: ASC | W3: 800-867-5309 | X3: Unknown | Y3: Present | Z3: Flat | AA3: Metal | AB3: Unknown | AC3: RC | AD3: 43831 | AE3: Unknown | AF3: 43831 | AG3: No | AH3: Regular | AI3: No | AJ3: Unknown | AK3: Unknown | AN3: 4 | AS3: X | AT3: 100 feet | AU3: Class B | AV3: <5% | AW3: =SUM((('[1]Policy Test Cases'!$H$83+'[1]Policy Test Cases'!$H$84+'[1]Policy Test Cases'!$H$85+'[1]Policy Test Cases'!$H$86+'[1]Policy Test Cases'!$H$87+'[1]Policy Test Cases'!$H$89)/'[1]Policy Test Cases'!$H$55)*('[1]SOV 4'!K3+'[1]SOV 4'!L3+'[1]SOV 4'!M3)) -> 3755.9249 | AX3: =(('[1]Policy Test Cases'!$H$88/'[1]Policy Test Cases'!$H$55)*('[1]SOV 4'!K3+'[1]SOV 4'!L3+'[1]SOV 4'!M3)) -> 5048.5623 | AY3: =SUM(AW3:AX3) -> 8804.4873
A4: C | B4: 3 | C4: 934 San Pablo Ave. | E4: ALAMEDA | F4: CA | G4: 94706 | K4: 0 | L4: 5000 | M4: 0 | O4: 0 | P4: 0 | Q4: 1 | R4: Unknown | T4: Unknown | U4: Tenant | V4: ASC | W4: 800-867-5309 | X4: Unknown | Y4: Present | Z4: Flat | AA4: Metal | AB4: Unknown | AC4: RC | AE4: Unknown | AG4: No | AH4: Regular | AI4: No | AJ4: Unknown | AK4: Unknown | AN4: 3 | AS4: X | AT4: 100 feet | AU4: Class B | AV4: <5% | AW4: =SUM((('[1]Policy Test Cases'!$H$83+'[1]Policy Test Cases'!$H$84+'[1]Policy Test Cases'!$H$85+'[1]Policy Test Cases'!$H$86+'[1]Policy Test Cases'!$H$87+'[1]Policy Test Cases'!$H$89)/'[1]Policy Test Cases'!$H$55)*('[1]SOV 4'!K4+'[1]SOV 4'!L4+'[1]SOV 4'!M4)) -> 8.8583135 | AX4: =(('[1]Policy Test Cases'!$H$88/'[1]Policy Test Cases'!$H$55)*('[1]SOV 4'!K4+'[1]SOV 4'!L4+'[1]SOV 4'!M4)) -> 11.906987 | AY4: =SUM(AW4:AX4) -> 20.7653
A5: D | B5: 4 | C5: 12545 Folsom Boulevard | E5: SACRAMENTO | F5: CA | G5: 95630 | K5: 8564005 | L5: 2738709 | M5: 2035719 | N5: 36892 | O5: 1 | P5: 43743 | Q5: 1 | R5: Non-Combustible | T5: Unknown | U5: Lessor | V5: ASC | W5: 800-867-5309 | X5: Unknown | Y5: Present | Z5: Gable | AA5: Metal | AB5: Unknown | AC5: RC | AD5: 36892 | AE5: Unknown | AF5: 36892 | AG5: No | AH5: Regular | AI5: No | AJ5: Unknown | AK5: Unknown | AN5: 3 | AS5: X | AT5: 100 feet | AU5: Class B | AV5: <5% | AW5: =SUM((('[1]Policy Test Cases'!$H$83+'[1]Policy Test Cases'!$H$84+'[1]Policy Test Cases'!$H$85+'[1]Policy Test Cases'!$H$86+'[1]Policy Test Cases'!$H$87+'[1]Policy Test Cases'!$H$89)/'[1]Policy Test Cases'!$H$55)*('[1]SOV 4'!K5+'[1]SOV 4'!L5+'[1]SOV 4'!M5)) -> 23631.204 | AX5: =(('[1]Policy Test Cases'!$H$88/'[1]Policy Test Cases'!$H$55)*('[1]SOV 4'!K5+'[1]SOV 4'!L5+'[1]SOV 4'!M5)) -> 31764.109 | AY5: =SUM(AW5:AX5) -> 55395.313
A6: E | B6: 5 | C6: 6800 Automall Parkway | E6: SANTA CLARA | F6: CA | G6: 95020 | K6: 4230000 | L6: 520000 | M6: 589537 | N6: 35431 | O6: 1 | P6: 25335 | Q6: 1 | R6: Non-Combustible | T6: Unknown | U6: Lessor | V6: ASC | W6: 800-867-5309 | X6: Unknown | Y6: Present | Z6: Gable | AA6: Metal | AB6: Unknown | AC6: RC | AD6: 35431 | AE6: Unknown | AF6: 35431 | AG6: No | AH6: Regular | AI6: No | AJ6: Unknown | AK6: Unknown | AN6: 3 | AS6: AH | AT6: 100 feet | AU6: Class B | AV6: <5% | AW6: =SUM((('[1]Policy Test Cases'!$H$83+'[1]Policy Test Cases'!$H$84+'[1]Policy Test Cases'!$H$85+'[1]Policy Test Cases'!$H$86+'[1]Policy Test Cases'!$H$87+'[1]Policy Test Cases'!$H$89)/'[1]Policy Test Cases'!$H$55)*('[1]SOV 4'!K6+'[1]SOV 4'!L6+'[1]SOV 4'!M6)) -> 9459.8585 | AX6: =(('[1]Policy Test Cases'!$H$88/'[1]Policy Test Cases'!$H$55)*('[1]SOV 4'!K6+'[1]SOV 4'!L6+'[1]SOV 4'!M6)) -> 12715.559 | AY6: =SUM(AW6:AX6) -> 22175.418
A7: F | B7: 6 | C7: 5560 Sterrett Place | E7: HOWARD | F7: MD | G7: 21044 | K7: 0 | L7: 85150 | M7: 0 | O7: 0 | P7: 3385 | Q7: 1 | R7: Unknown | T7: Commercial: Construction | U7: Tenant | V7: ASC | W7: 800-867-5309 | X7: Unknown | Y7: Present | Z7: Gable | AA7: Metal | AB7: Unknown | AC7: RC | AE7: Unknown | AG7: No | AH7: Regular | AI7: No | AJ7: Unknown | AK7: Unknown | AN7: 3 | AS7: X | AT7: 100 feet | AU7: Class B | AV7: <5% | AW7: =SUM((('[1]Policy Test Cases'!$H$83+'[1]Policy Test Cases'!$H$84+'[1]Policy Test Cases'!$H$85+'[1]Policy Test Cases'!$H$86+'[1]Policy Test Cases'!$H$87+'[1]Policy Test Cases'!$H$89)/'[1]Policy Test Cases'!$H$55)*('[1]SOV 4'!K7+'[1]SOV 4'!L7+'[1]SOV 4'!M7)) -> 150.85708 | AX7: =(('[1]Policy Test Cases'!$H$88/'[1]Policy Test Cases'!$H$55)*('[1]SOV 4'!K7+'[1]SOV 4'!L7+'[1]SOV 4'!M7)) -> 202.77598 | AY7: =SUM(AW7:AX7) -> 353.63306
A8: G | B8: 7 | C8: 2534 Chapel Hill Boulevard | E8: DURHAM | F8: NC | G8: 27707 | K8: 0 | L8: 5150 | M8: 25000 | O8: 0 | P8: 8500 | Q8: 1 | R8: Unknown | T8: Commercial: Construction | U8: Tenant | V8: ASC | W8: 800-867-5309 | X8: Unknown | Y8: Present | Z8: Gable | AA8: Metal | AB8: Unknown | AC8: RC | AE8: Unknown | AG8: No | AH8: Regular | AI8: No | AJ8: Unknown | AK8: Unknown | AN8: 4 | AS8: X | AT8: 100 feet | AU8: Class B | AV8: <5% | AW8: =SUM((('[1]Policy Test Cases'!$H$83+'[1]Policy Test Cases'!$H$84+'[1]Policy Test Cases'!$H$85+'[1]Policy Test Cases'!$H$86+'[1]Policy Test Cases'!$H$87+'[1]Policy Test Cases'!$H$89)/'[1]Policy Test Cases'!$H$55)*('[1]SOV 4'!K8+'[1]SOV 4'!L8+'[1]SOV 4'!M8)) -> 53.41563 | AX8: =(('[1]Policy Test Cases'!$H$88/'[1]Policy Test Cases'!$H$55)*('[1]SOV 4'!K8+'[1]SOV 4'!L8+'[1]SOV 4'!M8)) -> 71.799129 | AY8: =SUM(AW8:AX8) -> 125.21476
A9: H | B9: 8 | C9: 324 Blackwell Street | E9: DURHAM | F9: NC | G9: 27701 | K9: 0 | L9: 369500 | M9: 25000 | O9: 0 | P9: 5158 | Q9: 1 | R9: Unknown | T9: Commercial: Construction | U9: Tenant | V9: ASC | W9: 800-867-5309 | X9: Unknown | Y9: Present | Z9: Flat | AA9: Metal | AB9: Unknown | AC9: RC | AE9: Unknown | AG9: No | AH9: Regular | AI9: No | AJ9: Unknown | AK9: Unknown | AN9: 4 | AS9: X | AT9: 100 feet | AU9: Class B | AV9: <5% | AW9: =SUM((('[1]Policy Test Cases'!$H$83+'[1]Policy Test Cases'!$H$84+'[1]Policy Test Cases'!$H$85+'[1]Policy Test Cases'!$H$86+'[1]Policy Test Cases'!$H$87+'[1]Policy Test Cases'!$H$89)/'[1]Policy Test Cases'!$H$55)*('[1]SOV 4'!K9+'[1]SOV 4'!L9+'[1]SOV 4'!M9)) -> 698.92094 | AX9: =(('[1]Policy Test Cases'!$H$88/'[1]Policy Test Cases'!$H$55)*('[1]SOV 4'!K9+'[1]SOV 4'!L9+'[1]SOV 4'!M9)) -> 939.46125 | AY9: =SUM(AW9:AX9) -> 1638.3822
A10: I | B10: 9 | C10: 3301 Stafford Drive | E10: MECKLENBURG | F10: NC | G10: 28208 | K10: 0 | L10: 151500 | M10: 25000 | O10: 0 | P10: 0 | Q10: 1 | R10: Unknown | T10: Commercial: Construction | U10: Tenant | V10: ASC | W10: 800-867-5309 | X10: Unknown | Y10: Present | Z10: Flat | AA10: Metal | AB10: Unknown | AC10: RC | AE10: Unknown | AG10: No | AH10: Regular | AI10: No | AJ10: Unknown | AK10: Unknown | AN10: 4 | AS10: X | AT10: 100 feet | AU10: Class B | AV10: <5% | AW10: =SUM((('[1]Policy Test Cases'!$H$83+'[1]Policy Test Cases'!$H$84+'[1]Policy Test Cases'!$H$85+'[1]Policy Test Cases'!$H$86+'[1]Policy Test Cases'!$H$87+'[1]Policy Test Cases'!$H$89)/'[1]Policy Test Cases'!$H$55)*('[1]SOV 4'!K10+'[1]SOV 4'!L10+'[1]SOV 4'!M10)) -> 312.69847 | AX10: =(('[1]Policy Test Cases'!$H$88/'[1]Policy Test Cases'!$H$55)*('[1]SOV 4'!K10+'[1]SOV 4'!L10+'[1]SOV 4'!M10)) -> 420.31663 | AY10: =SUM(AW10:AX10) -> 733.01509
A11: J | B11: 10 | C11: 20000 Horizon Way | E11: BURLINGTON | F11: NJ | G11: 8054 | K11: 0 | L11: 85150 | M11: 0 | O11: 0 | P11: 0 | Q11: 1 | R11: Unknown | T11: Commercial: Construction | U11: Tenant | V11: ASC | W11: 800-867-5309 | X11: Unknown | Y11: Present | Z11: Flat | AA11: Metal | AB11: Unknown | AC11: RC | AE11: Unknown | AG11: No | AH11: Regular | AI11: No | AJ11: Unknown | AK11: Unknown | AN11: 4 | AS11: X | AT11: 100 feet | AU11: Class B | AV11: <5% | AW11: =SUM((('[1]Policy Test Cases'!$H$83+'[1]Policy Test Cases'!$H$84+'[1]Policy Test Cases'!$H$85+'[1]Policy Test Cases'!$H$86+'[1]Policy Test Cases'!$H$87+'[1]Policy Test Cases'!$H$89)/'[1]Policy Test Cases'!$H$55)*('[1]SOV 4'!K11+'[1]SOV 4'!L11+'[1]SOV 4'!M11)) -> 150.85708 | AX11: =(('[1]Policy Test Cases'!$H$88/'[1]Policy Test Cases'!$H$55)*('[1]SOV 4'!K11+'[1]SOV 4'!L11+'[1]SOV 4'!M11)) -> 202.77598 | AY11: =SUM(AW11:AX11) -> 353.63306
A12: K | B12: 11 | C12: 61 Lakeside Drive North | E12: CAMDEN | F12: NJ | G12: 8026 | K12: 0 | L12: 125000 | M12: 25000 | N12: 43101 | O12: 0 | P12: 2800 | Q12: 1 | R12: Wood Frame | T12: Commercial: Construction | U12: Tenant | V12: ASC | W12: 800-867-5309 | X12: Unknown | Y12: Present | Z12: Flat | AA12: Metal | AB12: Unknown | AC12: RC | AD12: 43101 | AE12: Unknown | AF12: 43101 | AG12: No | AH12: Regular | AI12: No | AJ12: Unknown | AK12: Unknown | AN12: 4 | AS12: X | AT12: 100 feet | AU12: Class B | AV12: <5% | AW12: =SUM((('[1]Policy Test Cases'!$H$83+'[1]Policy Test Cases'!$H$84+'[1]Policy Test Cases'!$H$85+'[1]Policy Test Cases'!$H$86+'[1]Policy Test Cases'!$H$87+'[1]Policy Test Cases'!$H$89)/'[1]Policy Test Cases'!$H$55)*('[1]SOV 4'!K12+'[1]SOV 4'!L12+'[1]SOV 4'!M12)) -> 265.74941 | AX12: =(('[1]Policy Test Cases'!$H$88/'[1]Policy Test Cases'!$H$55)*('[1]SOV 4'!K12+'[1]SOV 4'!L12+'[1]SOV 4'!M12)) -> 357.2096 | AY12: =SUM(AW12:AX12) -> 622.959
A13: L | B13: 12 | C13: 31 Lewis Street | E13: BROOME | F13: NY | G13: 13901 | K13: 225000 | L13: 233000 | M13: 25000 | O13: 0 | P13: 4700 | Q13: 1 | R13: Non-Combustible | T13: Commercial: Construction | U13: Lessor | V13: ASC | W13: 800-867-5309 | X13: Unknown | Y13: Present | Z13: Flat | AA13: Metal | AB13: Unknown | AC13: RC | AE13: Unknown | AG13: No | AH13: Regular | AI13: No | AJ13: Unknown | AK13: Unknown | AN13: 4 | AS13: X | AT13: 100 feet | AU13: Class B | AV13: <5% | AW13: =SUM((('[1]Policy Test Cases'!$H$83+'[1]Policy Test Cases'!$H$84+'[1]Policy Test Cases'!$H$85+'[1]Policy Test Cases'!$H$86+'[1]Policy Test Cases'!$H$87+'[1]Policy Test Cases'!$H$89)/'[1]Policy Test Cases'!$H$55)*('[1]SOV 4'!K13+'[1]SOV 4'!L13+'[1]SOV 4'!M13)) -> 855.71308 | AX13: =(('[1]Policy Test Cases'!$H$88/'[1]Policy Test Cases'!$H$55)*('[1]SOV 4'!K13+'[1]SOV 4'!L13+'[1]SOV 4'!M13)) -> 1150.2149 | AY13: =SUM(AW13:AX13) -> 2005.928
A14: M | B14: 13 | C14: 4225 Genesee Street | E14: ERIE | F14: NY | G14: 14225 | K14: 0 | L14: 125750 | M14: 25000 | N14: 32874 | O14: 1 | P14: 4266 | Q14: 1 | R14: Non-Combustible | T14: Commercial: Construction | U14: Tenant | V14: ASC | W14: 800-867-5309 | X14: Unknown | Y14: Unknown | Z14: Flat | AA14: Built-up/Single ply | AB14: Unknown | AC14: RC | AD14: 32874 | AE14: Unknown | AF14: 32874 | AG14: No | AH14: Irregular | AI14: No | AJ14: Unknown | AK14: Unknown | AN14: 4 | AS14: X | AT14: 100 feet | AU14: Class B | AV14: <5% | AW14: =SUM((('[1]Policy Test Cases'!$H$83+'[1]Policy Test Cases'!$H$84+'[1]Policy Test Cases'!$H$85+'[1]Policy Test Cases'!$H$86+'[1]Policy Test Cases'!$H$87+'[1]Policy Test Cases'!$H$89)/'[1]Policy Test Cases'!$H$55)*('[1]SOV 4'!K14+'[1]SOV 4'!L14+'[1]SOV 4'!M14)) -> 267.07815 | AX14: =(('[1]Policy Test Cases'!$H$88/'[1]Policy Test Cases'!$H$55)*('[1]SOV 4'!K14+'[1]SOV 4'!L14+'[1]SOV 4'!M14)) -> 358.99565 | AY14: =SUM(AW14:AX14) -> 626.0738
A15: N | B15: 14 | C15: 1740 Emerson Street | E15: MONROE | F15: NY | G15: 14606 | K15: 525300 | L15: 690000 | M15: 25000 | N15: 27395 | O15: 1 | P15: 17358 | Q15: 1 | R15: Steel Frame | T15: Commercial: Construction | U15: Owner | V15: ASC | W15: 800-867-5309 | X15: Unknown | Y15: Unknown | Z15: Flat | AA15: Built-up/Single ply | AB15: Unknown | AC15: RC | AD15: 27395 | AE15: Unknown | AF15: 27395 | AG15: No | AH15: Irregular | AI15: No | AJ15: Unknown | AK15: Unknown | AN15: 4 | AS15: X | AT15: 100 feet | AU15: Class B | AV15: <5% | AW15: =SUM((('[1]Policy Test Cases'!$H$83+'[1]Policy Test Cases'!$H$84+'[1]Policy Test Cases'!$H$85+'[1]Policy Test Cases'!$H$86+'[1]Policy Test Cases'!$H$87+'[1]Policy Test Cases'!$H$89)/'[1]Policy Test Cases'!$H$55)*('[1]SOV 4'!K15+'[1]SOV 4'!L15+'[1]SOV 4'!M15)) -> 2197.3932 | AX15: =(('[1]Policy Test Cases'!$H$88/'[1]Policy Test Cases'!$H$55)*('[1]SOV 4'!K15+'[1]SOV 4'!L15+'[1]SOV 4'!M15)) -> 2953.6471 | AY15: =SUM(AW15:AX15) -> 5151.0404
A16: O | B16: 15 | C16: 205 Indigo Creek Drive | E16: MONROE | F16: NY | G16: 14626 | K16: 9527500 | L16: 4708000 | M16: 572000 | N16: 36892 | O16: 2 | P16: 56000 | Q16: 1 | R16: Steel Frame | T16: Commercial: Construction | U16: Owner | V16: ASC | W16: 800-867-5309 | X16: Unknown | Y16: Unknown | Z16: Flat | AA16: Built-up/Single ply | AB16: Unknown | AC16: ACV | AD16: 36892 | AE16: Unknown | AF16: 36892 | AG16: No | AH16: Irregular | AI16: No | AJ16: Unknown | AK16: Unknown | AN16: 2 | AS16: X | AT16: 100 feet | AU16: Class B | AV16: <5% | AW16: =SUM((('[1]Policy Test Cases'!$H$83+'[1]Policy Test Cases'!$H$84+'[1]Policy Test Cases'!$H$85+'[1]Policy Test Cases'!$H$86+'[1]Policy Test Cases'!$H$87+'[1]Policy Test Cases'!$H$89)/'[1]Policy Test Cases'!$H$55)*('[1]SOV 4'!K16+'[1]SOV 4'!L16+'[1]SOV 4'!M16)) -> 26233.895 | AX16: =(('[1]Policy Test Cases'!$H$88/'[1]Policy Test Cases'!$H$55)*('[1]SOV 4'!K16+'[1]SOV 4'!L16+'[1]SOV 4'!M16)) -> 35262.541 | AY16: =SUM(AW16:AX16) -> 61496.436
A17: P | B17: 16 | C17: 609 Erie Boulevard West | E17: ONONDAGA | F17: NY | G17: 13204 | K17: 1854000 | L17: 278000 | M17: 25000 | N17: 31413 | O17: 1 | P17: 9346 | Q17: 1 | R17: Steel Frame | T17: Commercial: Construction | U17: Owner | V17: ASC | W17: 800-867-5309 | X17: Unknown | Y17: Unknown | Z17: Flat | AA17: Built-up/Single ply | AB17: Unknown | AC17: ACV | AD17: 31413 | AE17: Unknown | AF17: 31413 | AG17: No | AH17: Irregular | AI17: No | AJ17: Unknown | AK17: Unknown | AN17: 2 | AS17: X | AT17: 100 feet | AU17: Class B | AV17: <5% | AW17: =SUM((('[1]Policy Test Cases'!$H$83+'[1]Policy Test Cases'!$H$84+'[1]Policy Test Cases'!$H$85+'[1]Policy Test Cases'!$H$86+'[1]Policy Test Cases'!$H$87+'[1]Policy Test Cases'!$H$89)/'[1]Policy Test Cases'!$H$55)*('[1]SOV 4'!K17+'[1]SOV 4'!L17+'[1]SOV 4'!M17)) -> 3821.4764 | AX17: =(('[1]Policy Test Cases'!$H$88/'[1]Policy Test Cases'!$H$55)*('[1]SOV 4'!K17+'[1]SOV 4'!L17+'[1]SOV 4'!M17)) -> 5136.674 | AY17: =SUM(AW17:AX17) -> 8958.1505
A18: Q | B18: 17 | C18: 609 Erie Boulevard West | E18: ONONDAGA | F18: NY | G18: 13204 | K18: 0 | L18: 108000 | M18: 25000 | N18: 31413 | O18: 1 | P18: 4500 | Q18: 1 | R18: Steel Frame | T18: Commercial: Construction | U18: Tenant | V18: ASC | W18: 800-867-5309 | X18: Unknown | Y18: Unknown | Z18: Hip | AA18: Built-up/Single ply | AB18: Unknown | AC18: RC | AD18: 31413 | AE18: Unknown | AF18: 31413 | AG18: No | AH18: Irregular | AI18: No | AJ18: Unknown | AK18: Unknown | AN18: 2 | AS18: X | AT18: 100 feet | AU18: Class B | AV18: <5% | AW18: =SUM((('[1]Policy Test Cases'!$H$83+'[1]Policy Test Cases'!$H$84+'[1]Policy Test Cases'!$H$85+'[1]Policy Test Cases'!$H$86+'[1]Policy Test Cases'!$H$87+'[1]Policy Test Cases'!$H$89)/'[1]Policy Test Cases'!$H$55)*('[1]SOV 4'!K18+'[1]SOV 4'!L18+'[1]SOV 4'!M18)) -> 235.63114 | AX18: =(('[1]Policy Test Cases'!$H$88/'[1]Policy Test Cases'!$H$55)*('[1]SOV 4'!K18+'[1]SOV 4'!L18+'[1]SOV 4'!M18)) -> 316.72584 | AY18: =SUM(AW18:AX18) -> 552.35698
A19: R | B19: 18 | C19: 220 Harborside Drive | E19: SCHENECTADY | F19: NY | G19: 12305 | K19: 579000 | L19: 278000 | M19: 25000 | N19: 43101 | O19: 3 | P19: 8290 | Q19: 1 | R19: Non-Combustible | T19: Commercial: Construction | U19: Lessor | V19: ASC | W19: 800-867-5309 | X19: Unknown | Y19: Unknown | Z19: Hip | AA19: Built-up/Single ply | AB19: Unknown | AC19: ACV | AD19: 43101 | AE19: Unknown | AF19: 43101 | AG19: No | AH19: Irregular | AI19: No | AJ19: Unknown | AK19: Unknown | AN19: 2 | AS19: AE | AT19: 100 feet | AU19: Class B | AV19: <5% | AW19: =SUM((('[1]Policy Test Cases'!$H$83+'[1]Policy Test Cases'!$H$84+'[1]Policy Test Cases'!$H$85+'[1]Policy Test Cases'!$H$86+'[1]Policy Test Cases'!$H$87+'[1]Policy Test Cases'!$H$89)/'[1]Policy Test Cases'!$H$55)*('[1]SOV 4'!K19+'[1]SOV 4'!L19+'[1]SOV 4'!M19)) -> 1562.6065 | AX19: =(('[1]Policy Test Cases'!$H$88/'[1]Policy Test Cases'!$H$55)*('[1]SOV 4'!K19+'[1]SOV 4'!L19+'[1]SOV 4'!M19)) -> 2100.3924 | AY19: =SUM(AW19:AX19) -> 3662.9989
A20: S | B20: 19 | C20: 600 Consalus Avenue | E20: SCHENECTADY | F20: NY | G20: 12305 | K20: 0 | L20: 108000 | M20: 25000 | N20: 32874 | O20: 1 | P20: 12500 | Q20: 1 | R20: Non-Combustible | T20: Commercial: Construction | U20: Tenant | V20: ASC | W20: 800-867-5309 | X20: Unknown | Y20: Unknown | Z20: Flat | AA20: Built-up/Single ply | AB20: Unknown | AC20: RC | AD20: 32874 | AE20: Unknown | AF20: 32874 | AG20: No | AH20: Irregular | AI20: No | AJ20: Unknown | AK20: Unknown | AN20: 4 | AS20: X | AT20: 100 feet | AU20: Class B | AV20: <5% | AW20: =SUM((('[1]Policy Test Cases'!$H$83+'[1]Policy Test Cases'!$H$84+'[1]Policy Test Cases'!$H$85+'[1]Policy Test Cases'!$H$86+'[1]Policy Test Cases'!$H$87+'[1]Policy Test Cases'!$H$89)/'[1]Policy Test Cases'!$H$55)*('[1]SOV 4'!K20+'[1]SOV 4'!L20+'[1]SOV 4'!M20)) -> 235.63114 | AX20: =(('[1]Policy Test Cases'!$H$88/'[1]Policy Test Cases'!$H$55)*('[1]SOV 4'!K20+'[1]SOV 4'!L20+'[1]SOV 4'!M20)) -> 316.72584 | AY20: =SUM(AW20:AX20) -> 552.35698
A21: T | B21: 20 | C21: 11849 East Corning Road | E21: STEUBEN | F21: NY | G21: 14830 | K21: 100000 | L21: 233000 | M21: 25000 | N21: 25569 | O21: 1 | P21: 4462 | Q21: 1 | R21: Non-Combustible | T21: Commercial: Construction | U21: Lessor | V21: ASC | W21: 800-867-5309 | X21: Unknown | Y21: Unknown | Z21: Flat | AA21: Built-up/Single ply | AB21: Unknown | AC21: RC | AD21: 25569 | AE21: Unknown | AF21: 25569 | AG21: No | AH21: Irregular | AI21: No | AJ21: Unknown | AK21: Unknown | AN21: 4 | AS21: X500 | AT21: 100 feet | AU21: Class B | AV21: <5% | AW21: =SUM((('[1]Policy Test Cases'!$H$83+'[1]Policy Test Cases'!$H$84+'[1]Policy Test Cases'!$H$85+'[1]Policy Test Cases'!$H$86+'[1]Policy Test Cases'!$H$87+'[1]Policy Test Cases'!$H$89)/'[1]Policy Test Cases'!$H$55)*('[1]SOV 4'!K21+'[1]SOV 4'!L21+'[1]SOV 4'!M21)) -> 634.25525 | AX21: =(('[1]Policy Test Cases'!$H$88/'[1]Policy Test Cases'!$H$55)*('[1]SOV 4'!K21+'[1]SOV 4'!L21+'[1]SOV 4'!M21)) -> 852.54024 | AY21: =SUM(AW21:AX21) -> 1486.7955
A22: U | B22: 21 | C22: 11849 East Corning Road | E22: STEUBEN | F22: NY | G22: 14830 | K22: 30000 | L22: 108000 | M22: 25000 | O22: 2 | P22: 2049 | Q22: 1 | R22: Wood Frame | T22: Commercial: Construction | U22: Lessor | V22: ASC | W22: 800-867-5309 | X22: Unknown | Y22: Unknown | Z22: Flat | AA22: Built-up/Single ply | AB22: Unknown | AC22: RC | AE22: Unknown | AG22: No | AH22: Irregular | AI22: No | AJ22: Unknown | AK22: Unknown | AN22: 4 | AS22: X500 | AT22: 100 feet | AU22: Class B | AV22: <5% | AW22: =SUM((('[1]Policy Test Cases'!$H$83+'[1]Policy Test Cases'!$H$84+'[1]Policy Test Cases'!$H$85+'[1]Policy Test Cases'!$H$86+'[1]Policy Test Cases'!$H$87+'[1]Policy Test Cases'!$H$89)/'[1]Policy Test Cases'!$H$55)*('[1]SOV 4'!K22+'[1]SOV 4'!L22+'[1]SOV 4'!M22)) -> 288.78102 | AX22: =(('[1]Policy Test Cases'!$H$88/'[1]Policy Test Cases'!$H$55)*('[1]SOV 4'!K22+'[1]SOV 4'!L22+'[1]SOV 4'!M22)) -> 388.16776 | AY22: =SUM(AW22:AX22) -> 676.94878
A23: V | B23: 22 | C23: 1 Labriola Court | E23: WESTCHESTER | F23: NY | G23: 10504 | K23: 0 | L23: 293000 | M23: 25000 | O23: 0 | P23: 19890 | Q23: 1 | R23: Steel Frame | T23: Commercial: Construction | U23: Tenant | V23: ASC | W23: 800-867-5309 | X23: Unknown | Y23: Unknown | Z23: Flat | AA23: Built-up/Single ply | AB23: Unknown | AC23: RC | AE23: Unknown | AG23: No | AH23: Irregular | AI23: No | AJ23: Unknown | AK23: Unknown | AN23: 4 | AS23: X | AT23: 100 feet | AU23: Class B | AV23: <5% | AW23: =SUM((('[1]Policy Test Cases'!$H$83+'[1]Policy Test Cases'!$H$84+'[1]Policy Test Cases'!$H$85+'[1]Policy Test Cases'!$H$86+'[1]Policy Test Cases'!$H$87+'[1]Policy Test Cases'!$H$89)/'[1]Policy Test Cases'!$H$55)*('[1]SOV 4'!K23+'[1]SOV 4'!L23+'[1]SOV 4'!M23)) -> 563.38874 | AX23: =(('[1]Policy Test Cases'!$H$88/'[1]Policy Test Cases'!$H$55)*('[1]SOV 4'!K23+'[1]SOV 4'!L23+'[1]SOV 4'!M23)) -> 757.28435 | AY23: =SUM(AW23:AX23) -> 1320.6731
A24: W | B24: 23 | C24: 1 Labriola Court | E24: WESTCHESTER | F24: NY | G24: 10504 | K24: 0 | L24: 108000 | M24: 25000 | O24: 0 | P24: 8500 | Q24: 1 | R24: Unknown | T24: Commercial: Construction | U24: Tenant | V24: ASC | W24: 800-867-5309 | X24: Unknown | Y24: Unknown | Z24: Flat | AA24: Built-up/Single ply | AB24: Unknown | AC24: RC | AE24: Unknown | AG24: No | AH24: Irregular | AI24: No | AJ24: Unknown | AK24: Unknown | AN24: 4 | AS24: X | AT24: 100 feet | AU24: Class B | AV24: <5% | AW24: =SUM((('[1]Policy Test Cases'!$H$83+'[1]Policy Test Cases'!$H$84+'[1]Policy Test Cases'!$H$85+'[1]Policy Test Cases'!$H$86+'[1]Policy Test Cases'!$H$87+'[1]Policy Test Cases'!$H$89)/'[1]Policy Test Cases'!$H$55)*('[1]SOV 4'!K24+'[1]SOV 4'!L24+'[1]SOV 4'!M24)) -> 235.63114 | AX24: =(('[1]Policy Test Cases'!$H$88/'[1]Policy Test Cases'!$H$55)*('[1]SOV 4'!K24+'[1]SOV 4'!L24+'[1]SOV 4'!M24)) -> 316.72584 | AY24: =SUM(AW24:AX24) -> 552.35698
A25: X | B25: 24 | C25: 4402 West Cactus Rd | E25: MARICOPA | F25: AZ | G25: 85304 | K25: 0 | L25: =750000+1237699 -> 1987699 | M25: 609075 | N25: 31778 | O25: 1 | P25: 20826 | Q25: 1 | R25: Non-Combustible | T25: Commercial: Retail | U25: Tenant | V25: ASC | W25: 800-867-5309 | X25: Unknown | Y25: Unknown | Z25: Flat | AA25: Built-up/Single ply | AB25: Unknown | AC25: RC | AD25: 31778 | AE25: Unknown | AF25: 31778 | AG25: No | AH25: Irregular | AI25: No | AJ25: Unknown | AK25: Unknown | AN25: 4 | AS25: X500 | AT25: 100 feet | AU25: Class B | AV25: <5% | AW25: =SUM((('[1]Policy Test Cases'!$H$83+'[1]Policy Test Cases'!$H$84+'[1]Policy Test Cases'!$H$85+'[1]Policy Test Cases'!$H$86+'[1]Policy Test Cases'!$H$87+'[1]Policy Test Cases'!$H$89)/'[1]Policy Test Cases'!$H$55)*('[1]SOV 4'!K25+'[1]SOV 4'!L25+'[1]SOV 4'!M25)) -> 4600.6076 | AX25: =(('[1]Policy Test Cases'!$H$88/'[1]Policy Test Cases'!$H$55)*('[1]SOV 4'!K25+'[1]SOV 4'!L25+'[1]SOV 4'!M25)) -> 6183.9507 | AY25: =SUM(AW25:AX25) -> 10784.558

Sheet State Premiums
A1: State | B1: Total Premium
A2: AK | B2: =SUMIF('Model SOV'!F$2:F$1048576,'State Premiums'!A2,'Model SOV'!AY$2:AY$1048576) -> 0
A3: AL | B3: =SUMIF('Model SOV'!F$2:F$1048576,'State Premiums'!A3,'Model SOV'!AY$2:AY$1048576) -> 0
A4: AR | B4: =SUMIF('Model SOV'!F$2:F$1048576,'State Premiums'!A4,'Model SOV'!AY$2:AY$1048576) -> 0
A5: AZ | B5: =SUMIF('Model SOV'!F$2:F$1048576,'State Premiums'!A5,'Model SOV'!AY$2:AY$1048576) -> 10784.558
A6: CA | B6: =SUMIF('Model SOV'!F$2:F$1048576,'State Premiums'!A6,'Model SOV'!AY$2:AY$1048576) -> 104046.49
A7: CO | B7: =SUMIF('Model SOV'!F$2:F$1048576,'State Premiums'!A7,'Model SOV'!AY$2:AY$1048576) -> 0
A8: CT | B8: =SUMIF('Model SOV'!F$2:F$1048576,'State Premiums'!A8,'Model SOV'!AY$2:AY$1048576) -> 0
A9: DC | B9: =SUMIF('Model SOV'!F$2:F$1048576,'State Premiums'!A9,'Model SOV'!AY$2:AY$1048576) -> 0
A10: DE | B10: =SUMIF('Model SOV'!F$2:F$1048576,'State Premiums'!A10,'Model SOV'!AY$2:AY$1048576) -> 0
A11: FL | B11: =SUMIF('Model SOV'!F$2:F$1048576,'State Premiums'!A11,'Model SOV'!AY$2:AY$1048576) -> 0
A12: GA | B12: =SUMIF('Model SOV'!F$2:F$1048576,'State Premiums'!A12,'Model SOV'!AY$2:AY$1048576) -> 0
A13: HI | B13: =SUMIF('Model SOV'!F$2:F$1048576,'State Premiums'!A13,'Model SOV'!AY$2:AY$1048576) -> 0
... A52: WY | B52: =SUMIF('Model SOV'!F$2:F$1048576,'State Premiums'!A52,'Model SOV'!AY$2:AY$1048576) -> 0
